date,rank,iHS2,Import,itext,iname,iall,ishare,eHS2,Export,etext,ename,eall,eshare
1991,1,95,2.8229,"95 - Toys, games and sports requisites; parts and accessories thereof",Toys and Games,20.1029,14,88,1.0826,"88 - Aircraft, spacecraft, and parts thereof",Aircraft and Parts,6.2305,17.4
1991,2,85,2.6827,"85 - Electrical machinery and equipment and parts thereof; sound recorders and reproducers; television image and sound recorders and reproducers, parts and accessories of such articles",Electrical Machinery,20.1029,13.3,84,1.0574,"84 - Machinery and mechanical appliances, boilers, nuclear reactors; parts thereof",Mechanical Appliances,6.2305,17
1991,3,64,2.6806,64 - Footwear; gaiters and the like; parts of such articles,Footwear,20.1029,13.3,31,0.9774,31 - Fertilizers,Fertilizers,6.2305,15.7
1991,4,62,2.4542,62 - Apparel and clothing accessories; not knitted or crocheted,Non Knitted Apparel,20.1029,12.2,10,0.3634,10 - Cereals,Cereals,6.2305,5.8
1991,5,42,1.2508,"42 - Articles of leather; saddlery and harness; travel goods, handbags and similar containers; articles of animal gut (0 than silk-worm gut)",Leather Articles,20.1029,6.2,52,0.3261,52 - Cotton,Cotton,6.2305,5.2
1991,6,61,1.2132,61 - Apparel and clothing accessories; knitted or crocheted,Knitted Apparel,20.1029,6,90,0.3164,"90 - Optical, photographic, cinematographic, measuring, checking, medical or surgical instruments and apparatus; parts and accessories",Optical Accessories,6.2305,5.1
1991,7,84,0.6985,"84 - Machinery and mechanical appliances, boilers, nuclear reactors; parts thereof",Mechanical Appliances,20.1029,3.5,39,0.2963,39 - Plastics and articles thereof,Plastics Articles,6.2305,4.8
1991,8,27,0.6425,"27 - Mineral fuels, mineral oils and products of their distillation; bituminous substances; mineral waxes",Mineral Fuels,20.1029,3.2,85,0.2772,"85 - Electrical machinery and equipment and parts thereof; sound recorders and reproducers; television image and sound recorders and reproducers, parts and accessories of such articles",Electrical Machinery,6.2305,4.4
1991,9,39,0.5407,39 - Plastics and articles thereof,Plastics Articles,20.1029,2.7,29,0.2737,29 - Organic chemicals,Organic Chemicals,6.2305,4.4
1991,10,94,0.4865,"94 - Furniture; bedding, mattresses, mattress supports, cushions and similar stuffed furnishings; lamps and lighting fittings, n.e.c.; illuminated signs, illuminated name-plates and the like; prefabricated buildings",Furniture,20.1029,2.4,44,0.1675,44 - Wood and articles of wood; wood charcoal,Wood and Articles,6.2305,2.7
1991,99,0,4.6303,0,Other,20.1029,23,0,1.0925,0,Other,6.2305,17.5
1992,1,95,3.9904,"95 - Toys, games and sports requisites; parts and accessories thereof",Toys and Games,27.0689,14.7,88,2.0558,"88 - Aircraft, spacecraft, and parts thereof",Aircraft and Parts,7.403,27.8
1992,2,64,3.6008,64 - Footwear; gaiters and the like; parts of such articles,Footwear,27.0689,13.3,84,1.1761,"84 - Machinery and mechanical appliances, boilers, nuclear reactors; parts thereof",Mechanical Appliances,7.403,15.9
1992,3,85,3.5638,"85 - Electrical machinery and equipment and parts thereof; sound recorders and reproducers; television image and sound recorders and reproducers, parts and accessories of such articles",Electrical Machinery,27.0689,13.2,31,0.6291,31 - Fertilizers,Fertilizers,7.403,8.5
1992,4,62,3.2605,62 - Apparel and clothing accessories; not knitted or crocheted,Non Knitted Apparel,27.0689,12,85,0.4641,"85 - Electrical machinery and equipment and parts thereof; sound recorders and reproducers; television image and sound recorders and reproducers, parts and accessories of such articles",Electrical Machinery,7.403,6.3
1992,5,42,1.6624,"42 - Articles of leather; saddlery and harness; travel goods, handbags and similar containers; articles of animal gut (0 than silk-worm gut)",Leather Articles,27.0689,6.1,90,0.4351,"90 - Optical, photographic, cinematographic, measuring, checking, medical or surgical instruments and apparatus; parts and accessories",Optical Accessories,7.403,5.9
1992,6,61,1.4837,61 - Apparel and clothing accessories; knitted or crocheted,Knitted Apparel,27.0689,5.5,10,0.273,10 - Cereals,Cereals,7.403,3.7
1992,7,84,1.109,"84 - Machinery and mechanical appliances, boilers, nuclear reactors; parts thereof",Mechanical Appliances,27.0689,4.1,87,0.2727,"87 - Vehicles; 0 than railway or tramway rolling stock, and parts and accessories thereof",Vehicles,7.403,3.7
1992,8,39,0.8545,39 - Plastics and articles thereof,Plastics Articles,27.0689,3.2,39,0.2226,39 - Plastics and articles thereof,Plastics Articles,7.403,3
1992,9,94,0.7618,"94 - Furniture; bedding, mattresses, mattress supports, cushions and similar stuffed furnishings; lamps and lighting fittings, n.e.c.; illuminated signs, illuminated name-plates and the like; prefabricated buildings",Furniture,27.0689,2.8,29,0.2126,29 - Organic chemicals,Organic Chemicals,7.403,2.9
1992,10,27,0.5703,"27 - Mineral fuels, mineral oils and products of their distillation; bituminous substances; mineral waxes",Mineral Fuels,27.0689,2.1,52,0.2002,52 - Cotton,Cotton,7.403,2.7
1992,99,0,6.2117,0,Other,27.0689,22.9,0,1.4617,0,Other,7.403,19.7
1993,1,64,4.7749,64 - Footwear; gaiters and the like; parts of such articles,Footwear,33.4308,14.3,88,2.2292,"88 - Aircraft, spacecraft, and parts thereof",Aircraft and Parts,8.6848,25.7
1993,2,85,4.6233,"85 - Electrical machinery and equipment and parts thereof; sound recorders and reproducers; television image and sound recorders and reproducers, parts and accessories of such articles",Electrical Machinery,33.4308,13.8,84,1.8186,"84 - Machinery and mechanical appliances, boilers, nuclear reactors; parts thereof",Mechanical Appliances,8.6848,20.9
1993,3,95,4.5119,"95 - Toys, games and sports requisites; parts and accessories thereof",Toys and Games,33.4308,13.5,85,0.8951,"85 - Electrical machinery and equipment and parts thereof; sound recorders and reproducers; television image and sound recorders and reproducers, parts and accessories of such articles",Electrical Machinery,8.6848,10.3
1993,4,62,4.0104,62 - Apparel and clothing accessories; not knitted or crocheted,Non Knitted Apparel,33.4308,12,87,0.8058,"87 - Vehicles; 0 than railway or tramway rolling stock, and parts and accessories thereof",Vehicles,8.6848,9.3
1993,5,42,2.0643,"42 - Articles of leather; saddlery and harness; travel goods, handbags and similar containers; articles of animal gut (0 than silk-worm gut)",Leather Articles,33.4308,6.2,90,0.4688,"90 - Optical, photographic, cinematographic, measuring, checking, medical or surgical instruments and apparatus; parts and accessories",Optical Accessories,8.6848,5.4
1993,6,84,1.6327,"84 - Machinery and mechanical appliances, boilers, nuclear reactors; parts thereof",Mechanical Appliances,33.4308,4.9,31,0.2927,31 - Fertilizers,Fertilizers,8.6848,3.4
1993,7,61,1.6093,61 - Apparel and clothing accessories; knitted or crocheted,Knitted Apparel,33.4308,4.8,10,0.2742,10 - Cereals,Cereals,8.6848,3.2
1993,8,94,1.2328,"94 - Furniture; bedding, mattresses, mattress supports, cushions and similar stuffed furnishings; lamps and lighting fittings, n.e.c.; illuminated signs, illuminated name-plates and the like; prefabricated buildings",Furniture,33.4308,3.7,27,0.2493,"27 - Mineral fuels, mineral oils and products of their distillation; bituminous substances; mineral waxes",Mineral Fuels,8.6848,2.9
1993,9,39,1.1666,39 - Plastics and articles thereof,Plastics Articles,33.4308,3.5,29,0.2056,29 - Organic chemicals,Organic Chemicals,8.6848,2.4
1993,10,63,0.5322,"63 - Textiles, made up articles; sets; worn clothing and worn textile articles; rags",Textiles,33.4308,1.6,39,0.198,39 - Plastics and articles thereof,Plastics Articles,8.6848,2.3
1993,99,0,7.2724,0,Other,33.4308,21.8,0,1.2475,0,Other,8.6848,14.4
1994,1,85,6.7799,"85 - Electrical machinery and equipment and parts thereof; sound recorders and reproducers; television image and sound recorders and reproducers, parts and accessories of such articles",Electrical Machinery,41.0357,16.5,84,1.9203,"84 - Machinery and mechanical appliances, boilers, nuclear reactors; parts thereof",Mechanical Appliances,9.1822,20.9
1994,2,95,5.5718,"95 - Toys, games and sports requisites; parts and accessories thereof",Toys and Games,41.0357,13.6,88,1.9106,"88 - Aircraft, spacecraft, and parts thereof",Aircraft and Parts,9.1822,20.8
1994,3,64,5.5515,64 - Footwear; gaiters and the like; parts of such articles,Footwear,41.0357,13.5,31,0.9441,31 - Fertilizers,Fertilizers,9.1822,10.3
1994,4,62,3.7113,62 - Apparel and clothing accessories; not knitted or crocheted,Non Knitted Apparel,41.0357,9,85,0.9194,"85 - Electrical machinery and equipment and parts thereof; sound recorders and reproducers; television image and sound recorders and reproducers, parts and accessories of such articles",Electrical Machinery,9.1822,10
1994,5,42,2.6398,"42 - Articles of leather; saddlery and harness; travel goods, handbags and similar containers; articles of animal gut (0 than silk-worm gut)",Leather Articles,41.0357,6.4,52,0.65,52 - Cotton,Cotton,9.1822,7.1
1994,6,84,2.4708,"84 - Machinery and mechanical appliances, boilers, nuclear reactors; parts thereof",Mechanical Appliances,41.0357,6,90,0.3858,"90 - Optical, photographic, cinematographic, measuring, checking, medical or surgical instruments and apparatus; parts and accessories",Optical Accessories,9.1822,4.2
1994,7,94,1.7675,"94 - Furniture; bedding, mattresses, mattress supports, cushions and similar stuffed furnishings; lamps and lighting fittings, n.e.c.; illuminated signs, illuminated name-plates and the like; prefabricated buildings",Furniture,41.0357,4.3,87,0.316,"87 - Vehicles; 0 than railway or tramway rolling stock, and parts and accessories thereof",Vehicles,9.1822,3.4
1994,8,61,1.6673,61 - Apparel and clothing accessories; knitted or crocheted,Knitted Apparel,41.0357,4.1,29,0.2348,29 - Organic chemicals,Organic Chemicals,9.1822,2.6
1994,9,39,1.4622,39 - Plastics and articles thereof,Plastics Articles,41.0357,3.6,39,0.1848,39 - Plastics and articles thereof,Plastics Articles,9.1822,2
1994,10,90,0.7584,"90 - Optical, photographic, cinematographic, measuring, checking, medical or surgical instruments and apparatus; parts and accessories",Optical Accessories,41.0357,1.8,10,0.1701,10 - Cereals,Cereals,9.1822,1.9
1994,99,0,8.6552,0,Other,41.0357,21.1,0,1.5463,0,Other,9.1822,16.8
1995,1,85,8.1881,"85 - Electrical machinery and equipment and parts thereof; sound recorders and reproducers; television image and sound recorders and reproducers, parts and accessories of such articles",Electrical Machinery,48.126,17,84,2.1902,"84 - Machinery and mechanical appliances, boilers, nuclear reactors; parts thereof",Mechanical Appliances,11.6,18.9
1995,2,95,6.7212,"95 - Toys, games and sports requisites; parts and accessories thereof",Toys and Games,48.126,14,85,1.2701,"85 - Electrical machinery and equipment and parts thereof; sound recorders and reproducers; television image and sound recorders and reproducers, parts and accessories of such articles",Electrical Machinery,11.6,10.9
1995,3,64,6.1474,64 - Footwear; gaiters and the like; parts of such articles,Footwear,48.126,12.8,31,1.2042,31 - Fertilizers,Fertilizers,11.6,10.4
1995,4,84,3.7833,"84 - Machinery and mechanical appliances, boilers, nuclear reactors; parts thereof",Mechanical Appliances,48.126,7.9,88,1.1758,"88 - Aircraft, spacecraft, and parts thereof",Aircraft and Parts,11.6,10.1
1995,5,62,3.4595,62 - Apparel and clothing accessories; not knitted or crocheted,Non Knitted Apparel,48.126,7.2,10,1.1448,10 - Cereals,Cereals,11.6,9.9
1995,6,42,2.6807,"42 - Articles of leather; saddlery and harness; travel goods, handbags and similar containers; articles of animal gut (0 than silk-worm gut)",Leather Articles,48.126,5.6,52,0.8336,52 - Cotton,Cotton,11.6,7.2
1995,7,94,2.1971,"94 - Furniture; bedding, mattresses, mattress supports, cushions and similar stuffed furnishings; lamps and lighting fittings, n.e.c.; illuminated signs, illuminated name-plates and the like; prefabricated buildings",Furniture,48.126,4.6,90,0.4499,"90 - Optical, photographic, cinematographic, measuring, checking, medical or surgical instruments and apparatus; parts and accessories",Optical Accessories,11.6,3.9
1995,8,39,1.7699,39 - Plastics and articles thereof,Plastics Articles,48.126,3.7,15,0.3964,"15 - Animal, vegetable or microbial fats and oils and their cleavage products; prepared edible fats; animal or vegetable waxes",Animal and Vegetable Fats,11.6,3.4
1995,9,61,1.4533,61 - Apparel and clothing accessories; knitted or crocheted,Knitted Apparel,48.126,3,39,0.3507,39 - Plastics and articles thereof,Plastics Articles,11.6,3
1995,10,90,1.3174,"90 - Optical, photographic, cinematographic, measuring, checking, medical or surgical instruments and apparatus; parts and accessories",Optical Accessories,48.126,2.7,29,0.2634,29 - Organic chemicals,Organic Chemicals,11.6,2.3
1995,99,0,10.4081,0,Other,48.126,21.6,0,2.3209,0,Other,11.6,20
1996,1,85,9.2191,"85 - Electrical machinery and equipment and parts thereof; sound recorders and reproducers; television image and sound recorders and reproducers, parts and accessories of such articles",Electrical Machinery,53.9708,17.1,84,2.3038,"84 - Machinery and mechanical appliances, boilers, nuclear reactors; parts thereof",Mechanical Appliances,11.82,19.5
1996,2,95,7.9949,"95 - Toys, games and sports requisites; parts and accessories thereof",Toys and Games,53.9708,14.8,88,1.7084,"88 - Aircraft, spacecraft, and parts thereof",Aircraft and Parts,11.82,14.5
1996,3,64,6.6973,64 - Footwear; gaiters and the like; parts of such articles,Footwear,53.9708,12.4,85,1.4332,"85 - Electrical machinery and equipment and parts thereof; sound recorders and reproducers; television image and sound recorders and reproducers, parts and accessories of such articles",Electrical Machinery,11.82,12.1
1996,4,84,4.6404,"84 - Machinery and mechanical appliances, boilers, nuclear reactors; parts thereof",Mechanical Appliances,53.9708,8.6,31,0.8911,31 - Fertilizers,Fertilizers,11.82,7.5
1996,5,62,3.6898,62 - Apparel and clothing accessories; not knitted or crocheted,Non Knitted Apparel,53.9708,6.8,52,0.7297,52 - Cotton,Cotton,11.82,6.2
1996,6,42,2.7637,"42 - Articles of leather; saddlery and harness; travel goods, handbags and similar containers; articles of animal gut (0 than silk-worm gut)",Leather Articles,53.9708,5.1,90,0.4876,"90 - Optical, photographic, cinematographic, measuring, checking, medical or surgical instruments and apparatus; parts and accessories",Optical Accessories,11.82,4.1
1996,7,94,2.6186,"94 - Furniture; bedding, mattresses, mattress supports, cushions and similar stuffed furnishings; lamps and lighting fittings, n.e.c.; illuminated signs, illuminated name-plates and the like; prefabricated buildings",Furniture,53.9708,4.9,10,0.441,10 - Cereals,Cereals,11.82,3.7
1996,8,39,1.8841,39 - Plastics and articles thereof,Plastics Articles,53.9708,3.5,12,0.4275,"12 - Oil seeds and oleaginous fruits; miscellaneous grains, seeds and fruit, industrial or medicinal plants; straw and fodder",Oil Seeds,11.82,3.6
1996,9,61,1.589,61 - Apparel and clothing accessories; knitted or crocheted,Knitted Apparel,53.9708,2.9,39,0.4029,39 - Plastics and articles thereof,Plastics Articles,11.82,3.4
1996,10,90,1.5863,"90 - Optical, photographic, cinematographic, measuring, checking, medical or surgical instruments and apparatus; parts and accessories",Optical Accessories,53.9708,2.9,48,0.2505,"48 - Paper and paperboard; articles of paper pulp, of paper or paperboard",Paper and Paperboad,11.82,2.1
1996,99,0,11.2876,0,Other,53.9708,20.9,0,2.7443,0,Other,11.82,23.2
1997,1,85,10.9311,"85 - Electrical machinery and equipment and parts thereof; sound recorders and reproducers; television image and sound recorders and reproducers, parts and accessories of such articles",Electrical Machinery,65.297,16.7,84,2.477,"84 - Machinery and mechanical appliances, boilers, nuclear reactors; parts thereof",Mechanical Appliances,12.663,19.6
1997,2,95,9.9176,"95 - Toys, games and sports requisites; parts and accessories thereof",Toys and Games,65.297,15.2,88,2.1226,"88 - Aircraft, spacecraft, and parts thereof",Aircraft and Parts,12.663,16.8
1997,3,64,7.7371,64 - Footwear; gaiters and the like; parts of such articles,Footwear,65.297,11.8,85,1.5201,"85 - Electrical machinery and equipment and parts thereof; sound recorders and reproducers; television image and sound recorders and reproducers, parts and accessories of such articles",Electrical Machinery,12.663,12
1997,4,84,6.1934,"84 - Machinery and mechanical appliances, boilers, nuclear reactors; parts thereof",Mechanical Appliances,65.297,9.5,31,1.0498,31 - Fertilizers,Fertilizers,12.663,8.3
1997,5,62,4.3506,62 - Apparel and clothing accessories; not knitted or crocheted,Non Knitted Apparel,65.297,6.7,90,0.6274,"90 - Optical, photographic, cinematographic, measuring, checking, medical or surgical instruments and apparatus; parts and accessories",Optical Accessories,12.663,5
1997,6,94,3.2795,"94 - Furniture; bedding, mattresses, mattress supports, cushions and similar stuffed furnishings; lamps and lighting fittings, n.e.c.; illuminated signs, illuminated name-plates and the like; prefabricated buildings",Furniture,65.297,5,52,0.5775,52 - Cotton,Cotton,12.663,4.6
1997,7,42,3.1103,"42 - Articles of leather; saddlery and harness; travel goods, handbags and similar containers; articles of animal gut (0 than silk-worm gut)",Leather Articles,65.297,4.8,39,0.4323,39 - Plastics and articles thereof,Plastics Articles,12.663,3.4
1997,8,39,2.1293,39 - Plastics and articles thereof,Plastics Articles,65.297,3.3,12,0.4286,"12 - Oil seeds and oleaginous fruits; miscellaneous grains, seeds and fruit, industrial or medicinal plants; straw and fodder",Oil Seeds,12.663,3.4
1997,9,90,2.0397,"90 - Optical, photographic, cinematographic, measuring, checking, medical or surgical instruments and apparatus; parts and accessories",Optical Accessories,65.297,3.1,87,0.3532,"87 - Vehicles; 0 than railway or tramway rolling stock, and parts and accessories thereof",Vehicles,12.663,2.8
1997,10,61,1.9171,61 - Apparel and clothing accessories; knitted or crocheted,Knitted Apparel,65.297,2.9,48,0.2601,"48 - Paper and paperboard; articles of paper pulp, of paper or paperboard",Paper and Paperboad,12.663,2.1
1997,99,0,13.6913,0,Other,65.297,21,0,2.8144,0,Other,12.663,22.2
1998,1,85,13.2416,"85 - Electrical machinery and equipment and parts thereof; sound recorders and reproducers; television image and sound recorders and reproducers, parts and accessories of such articles",Electrical Machinery,74.3546,17.8,88,3.5852,"88 - Aircraft, spacecraft, and parts thereof",Aircraft and Parts,14.0575,25.5
1998,2,95,11.2198,"95 - Toys, games and sports requisites; parts and accessories thereof",Toys and Games,74.3546,15.1,84,2.7185,"84 - Machinery and mechanical appliances, boilers, nuclear reactors; parts thereof",Mechanical Appliances,14.0575,19.3
1998,3,64,8.3429,64 - Footwear; gaiters and the like; parts of such articles,Footwear,74.3546,11.2,85,1.7542,"85 - Electrical machinery and equipment and parts thereof; sound recorders and reproducers; television image and sound recorders and reproducers, parts and accessories of such articles",Electrical Machinery,14.0575,12.5
1998,4,84,7.9026,"84 - Machinery and mechanical appliances, boilers, nuclear reactors; parts thereof",Mechanical Appliances,74.3546,10.6,31,1.0641,31 - Fertilizers,Fertilizers,14.0575,7.6
1998,5,94,4.3476,"94 - Furniture; bedding, mattresses, mattress supports, cushions and similar stuffed furnishings; lamps and lighting fittings, n.e.c.; illuminated signs, illuminated name-plates and the like; prefabricated buildings",Furniture,74.3546,5.8,90,0.6796,"90 - Optical, photographic, cinematographic, measuring, checking, medical or surgical instruments and apparatus; parts and accessories",Optical Accessories,14.0575,4.8
1998,6,62,3.9712,62 - Apparel and clothing accessories; not knitted or crocheted,Non Knitted Apparel,74.3546,5.3,39,0.432,39 - Plastics and articles thereof,Plastics Articles,14.0575,3.1
1998,7,42,3.0784,"42 - Articles of leather; saddlery and harness; travel goods, handbags and similar containers; articles of animal gut (0 than silk-worm gut)",Leather Articles,74.3546,4.1,48,0.3358,"48 - Paper and paperboard; articles of paper pulp, of paper or paperboard",Paper and Paperboad,14.0575,2.4
1998,8,90,2.301,"90 - Optical, photographic, cinematographic, measuring, checking, medical or surgical instruments and apparatus; parts and accessories",Optical Accessories,74.3546,3.1,15,0.3195,"15 - Animal, vegetable or microbial fats and oils and their cleavage products; prepared edible fats; animal or vegetable waxes",Animal and Vegetable Fats,14.0575,2.3
1998,9,39,2.2586,39 - Plastics and articles thereof,Plastics Articles,74.3546,3,12,0.3037,"12 - Oil seeds and oleaginous fruits; miscellaneous grains, seeds and fruit, industrial or medicinal plants; straw and fodder",Oil Seeds,14.0575,2.2
1998,10,61,1.9375,61 - Apparel and clothing accessories; knitted or crocheted,Knitted Apparel,74.3546,2.6,29,0.223,29 - Organic chemicals,Organic Chemicals,14.0575,1.6
1998,99,0,15.7534,0,Other,74.3546,21.2,0,2.6419,0,Other,14.0575,18.8
1999,1,85,15.8037,"85 - Electrical machinery and equipment and parts thereof; sound recorders and reproducers; television image and sound recorders and reproducers, parts and accessories of such articles",Electrical Machinery,86.8476,18.2,84,2.5717,"84 - Machinery and mechanical appliances, boilers, nuclear reactors; parts thereof",Mechanical Appliances,12.9155,19.9
1999,2,95,12.0748,"95 - Toys, games and sports requisites; parts and accessories thereof",Toys and Games,86.8476,13.9,88,2.3171,"88 - Aircraft, spacecraft, and parts thereof",Aircraft and Parts,12.9155,17.9
1999,3,84,10.661,"84 - Machinery and mechanical appliances, boilers, nuclear reactors; parts thereof",Mechanical Appliances,86.8476,12.3,85,1.9854,"85 - Electrical machinery and equipment and parts thereof; sound recorders and reproducers; television image and sound recorders and reproducers, parts and accessories of such articles",Electrical Machinery,12.9155,15.4
1999,4,64,8.9012,64 - Footwear; gaiters and the like; parts of such articles,Footwear,86.8476,10.2,31,0.9317,31 - Fertilizers,Fertilizers,12.9155,7.2
1999,5,94,6.3253,"94 - Furniture; bedding, mattresses, mattress supports, cushions and similar stuffed furnishings; lamps and lighting fittings, n.e.c.; illuminated signs, illuminated name-plates and the like; prefabricated buildings",Furniture,86.8476,7.3,90,0.792,"90 - Optical, photographic, cinematographic, measuring, checking, medical or surgical instruments and apparatus; parts and accessories",Optical Accessories,12.9155,6.1
1999,6,62,3.9416,62 - Apparel and clothing accessories; not knitted or crocheted,Non Knitted Apparel,86.8476,4.5,39,0.5225,39 - Plastics and articles thereof,Plastics Articles,12.9155,4
1999,7,42,3.2175,"42 - Articles of leather; saddlery and harness; travel goods, handbags and similar containers; articles of animal gut (0 than silk-worm gut)",Leather Articles,86.8476,3.7,12,0.3706,"12 - Oil seeds and oleaginous fruits; miscellaneous grains, seeds and fruit, industrial or medicinal plants; straw and fodder",Oil Seeds,12.9155,2.9
1999,8,39,2.7362,39 - Plastics and articles thereof,Plastics Articles,86.8476,3.2,48,0.3468,"48 - Paper and paperboard; articles of paper pulp, of paper or paperboard",Paper and Paperboad,12.9155,2.7
1999,9,90,2.3973,"90 - Optical, photographic, cinematographic, measuring, checking, medical or surgical instruments and apparatus; parts and accessories",Optical Accessories,86.8476,2.8,29,0.3189,29 - Organic chemicals,Organic Chemicals,12.9155,2.5
1999,10,61,2.1225,61 - Apparel and clothing accessories; knitted or crocheted,Knitted Apparel,86.8476,2.4,87,0.2132,"87 - Vehicles; 0 than railway or tramway rolling stock, and parts and accessories thereof",Vehicles,12.9155,1.7
1999,99,0,18.6665,0,Other,86.8476,21.5,0,2.5456,0,Other,12.9155,19.7
2000,1,85,19.531,"85 - Electrical machinery and equipment and parts thereof; sound recorders and reproducers; television image and sound recorders and reproducers, parts and accessories of such articles",Electrical Machinery,98.8766,19.8,84,3.4925,"84 - Machinery and mechanical appliances, boilers, nuclear reactors; parts thereof",Mechanical Appliances,15.9668,21.9
2000,2,84,13.4035,"84 - Machinery and mechanical appliances, boilers, nuclear reactors; parts thereof",Mechanical Appliances,98.8766,13.6,85,2.6997,"85 - Electrical machinery and equipment and parts thereof; sound recorders and reproducers; television image and sound recorders and reproducers, parts and accessories of such articles",Electrical Machinery,15.9668,16.9
2000,3,95,12.3832,"95 - Toys, games and sports requisites; parts and accessories thereof",Toys and Games,98.8766,12.5,88,1.6919,"88 - Aircraft, spacecraft, and parts thereof",Aircraft and Parts,15.9668,10.6
2000,4,64,9.1855,64 - Footwear; gaiters and the like; parts of such articles,Footwear,98.8766,9.3,12,1.0449,"12 - Oil seeds and oleaginous fruits; miscellaneous grains, seeds and fruit, industrial or medicinal plants; straw and fodder",Oil Seeds,15.9668,6.5
2000,5,94,7.2023,"94 - Furniture; bedding, mattresses, mattress supports, cushions and similar stuffed furnishings; lamps and lighting fittings, n.e.c.; illuminated signs, illuminated name-plates and the like; prefabricated buildings",Furniture,98.8766,7.3,90,0.8144,"90 - Optical, photographic, cinematographic, measuring, checking, medical or surgical instruments and apparatus; parts and accessories",Optical Accessories,15.9668,5.1
2000,6,62,4.1673,62 - Apparel and clothing accessories; not knitted or crocheted,Non Knitted Apparel,98.8766,4.2,39,0.7199,39 - Plastics and articles thereof,Plastics Articles,15.9668,4.5
2000,7,42,3.835,"42 - Articles of leather; saddlery and harness; travel goods, handbags and similar containers; articles of animal gut (0 than silk-worm gut)",Leather Articles,98.8766,3.9,29,0.4881,29 - Organic chemicals,Organic Chemicals,15.9668,3.1
2000,8,39,2.9141,39 - Plastics and articles thereof,Plastics Articles,98.8766,2.9,48,0.391,"48 - Paper and paperboard; articles of paper pulp, of paper or paperboard",Paper and Paperboad,15.9668,2.4
2000,9,90,2.8081,"90 - Optical, photographic, cinematographic, measuring, checking, medical or surgical instruments and apparatus; parts and accessories",Optical Accessories,98.8766,2.8,76,0.3174,76 - Aluminium and articles thereof,Aluminium and Articles,15.9668,2
2000,10,61,2.0341,61 - Apparel and clothing accessories; knitted or crocheted,Knitted Apparel,98.8766,2.1,31,0.6117,31 - Fertilizers,Fertilizers,15.9668,3.8
2000,99,0,21.4125,0,Other,98.8766,21.7,0,3.6953,0,Other,15.9668,23.1
2001,1,85,19.7274,"85 - Electrical machinery and equipment and parts thereof; sound recorders and reproducers; television image and sound recorders and reproducers, parts and accessories of such articles",Electrical Machinery,101.0501,19.5,84,4.0529,"84 - Machinery and mechanical appliances, boilers, nuclear reactors; parts thereof",Mechanical Appliances,18.9735,21.4
2001,2,84,13.7207,"84 - Machinery and mechanical appliances, boilers, nuclear reactors; parts thereof",Mechanical Appliances,101.0501,13.6,85,3.4325,"85 - Electrical machinery and equipment and parts thereof; sound recorders and reproducers; television image and sound recorders and reproducers, parts and accessories of such articles",Electrical Machinery,18.9735,18.1
2001,3,95,12.2146,"95 - Toys, games and sports requisites; parts and accessories thereof",Toys and Games,101.0501,12.1,88,2.4479,"88 - Aircraft, spacecraft, and parts thereof",Aircraft and Parts,18.9735,12.9
2001,4,64,9.7571,64 - Footwear; gaiters and the like; parts of such articles,Footwear,101.0501,9.7,90,1.2487,"90 - Optical, photographic, cinematographic, measuring, checking, medical or surgical instruments and apparatus; parts and accessories",Optical Accessories,18.9735,6.6
2001,5,94,7.492,"94 - Furniture; bedding, mattresses, mattress supports, cushions and similar stuffed furnishings; lamps and lighting fittings, n.e.c.; illuminated signs, illuminated name-plates and the like; prefabricated buildings",Furniture,101.0501,7.4,12,1.0316,"12 - Oil seeds and oleaginous fruits; miscellaneous grains, seeds and fruit, industrial or medicinal plants; straw and fodder",Oil Seeds,18.9735,5.4
2001,6,62,4.1534,62 - Apparel and clothing accessories; not knitted or crocheted,Non Knitted Apparel,101.0501,4.1,39,0.839,39 - Plastics and articles thereof,Plastics Articles,18.9735,4.4
2001,7,42,3.9097,"42 - Articles of leather; saddlery and harness; travel goods, handbags and similar containers; articles of animal gut (0 than silk-worm gut)",Leather Articles,101.0501,3.9,72,0.4556,72 - Iron and steel,Iron and Steel,18.9735,2.4
2001,8,39,3.2374,39 - Plastics and articles thereof,Plastics Articles,101.0501,3.2,41,0.4309,41 - Raw hides and skins (0 than furskins) and leather,Raw Hides and Skins,18.9735,2.3
2001,9,90,2.7586,"90 - Optical, photographic, cinematographic, measuring, checking, medical or surgical instruments and apparatus; parts and accessories",Optical Accessories,101.0501,2.7,29,0.3993,29 - Organic chemicals,Organic Chemicals,18.9735,2.1
2001,10,61,2.2775,61 - Apparel and clothing accessories; knitted or crocheted,Knitted Apparel,101.0501,2.3,31,0.4199,31 - Fertilizers,Fertilizers,18.9735,2.2
2001,99,0,21.8017,0,Other,101.0501,21.6,0,4.2152,0,Other,18.9735,22.2
2002,1,85,25.4165,"85 - Electrical machinery and equipment and parts thereof; sound recorders and reproducers; television image and sound recorders and reproducers, parts and accessories of such articles",Electrical Machinery,132.0969,19.2,84,4.0973,"84 - Machinery and mechanical appliances, boilers, nuclear reactors; parts thereof",Mechanical Appliances,21.8997,18.7
2002,2,84,21.0714,"84 - Machinery and mechanical appliances, boilers, nuclear reactors; parts thereof",Mechanical Appliances,132.0969,16,85,3.9488,"85 - Electrical machinery and equipment and parts thereof; sound recorders and reproducers; television image and sound recorders and reproducers, parts and accessories of such articles",Electrical Machinery,21.8997,18
2002,3,95,15.4922,"95 - Toys, games and sports requisites; parts and accessories thereof",Toys and Games,132.0969,11.7,88,3.4288,"88 - Aircraft, spacecraft, and parts thereof",Aircraft and Parts,21.8997,15.7
2002,4,94,11.2271,"94 - Furniture; bedding, mattresses, mattress supports, cushions and similar stuffed furnishings; lamps and lighting fittings, n.e.c.; illuminated signs, illuminated name-plates and the like; prefabricated buildings",Furniture,132.0969,8.5,90,1.2435,"90 - Optical, photographic, cinematographic, measuring, checking, medical or surgical instruments and apparatus; parts and accessories",Optical Accessories,21.8997,5.7
2002,5,64,10.7641,64 - Footwear; gaiters and the like; parts of such articles,Footwear,132.0969,8.1,12,1.025,"12 - Oil seeds and oleaginous fruits; miscellaneous grains, seeds and fruit, industrial or medicinal plants; straw and fodder",Oil Seeds,21.8997,4.7
2002,6,42,4.7912,"42 - Articles of leather; saddlery and harness; travel goods, handbags and similar containers; articles of animal gut (0 than silk-worm gut)",Leather Articles,132.0969,3.6,39,0.9838,39 - Plastics and articles thereof,Plastics Articles,21.8997,4.5
2002,7,62,4.7129,62 - Apparel and clothing accessories; not knitted or crocheted,Non Knitted Apparel,132.0969,3.6,31,0.6756,31 - Fertilizers,Fertilizers,21.8997,3.1
2002,8,39,4.1439,39 - Plastics and articles thereof,Plastics Articles,132.0969,3.1,29,0.6192,29 - Organic chemicals,Organic Chemicals,21.8997,2.8
2002,9,90,2.8738,"90 - Optical, photographic, cinematographic, measuring, checking, medical or surgical instruments and apparatus; parts and accessories",Optical Accessories,132.0969,2.2,41,0.4416,41 - Raw hides and skins (0 than furskins) and leather,Raw Hides and Skins,21.8997,2
2002,10,73,2.8282,73 - Iron or steel articles,Iron and Steel,132.0969,2.1,72,0.494,72 - Iron and steel,Iron and Steel,21.8997,2.3
2002,99,0,28.7756,0,Other,132.0969,21.8,0,4.9421,0,Other,21.8997,22.6
2003,1,84,31.0655,"84 - Machinery and mechanical appliances, boilers, nuclear reactors; parts thereof",Mechanical Appliances,161.495,19.2,85,4.782,"85 - Electrical machinery and equipment and parts thereof; sound recorders and reproducers; television image and sound recorders and reproducers, parts and accessories of such articles",Electrical Machinery,28.1008,17
2003,2,85,30.0392,"85 - Electrical machinery and equipment and parts thereof; sound recorders and reproducers; television image and sound recorders and reproducers, parts and accessories of such articles",Electrical Machinery,161.495,18.6,84,4.6372,"84 - Machinery and mechanical appliances, boilers, nuclear reactors; parts thereof",Mechanical Appliances,28.1008,16.5
2003,3,95,17.4118,"95 - Toys, games and sports requisites; parts and accessories thereof",Toys and Games,161.495,10.8,12,2.9358,"12 - Oil seeds and oleaginous fruits; miscellaneous grains, seeds and fruit, industrial or medicinal plants; straw and fodder",Oil Seeds,28.1008,10.4
2003,4,94,13.6686,"94 - Furniture; bedding, mattresses, mattress supports, cushions and similar stuffed furnishings; lamps and lighting fittings, n.e.c.; illuminated signs, illuminated name-plates and the like; prefabricated buildings",Furniture,161.495,8.5,88,2.4305,"88 - Aircraft, spacecraft, and parts thereof",Aircraft and Parts,28.1008,8.6
2003,5,64,11.143,64 - Footwear; gaiters and the like; parts of such articles,Footwear,161.495,6.9,90,1.5946,"90 - Optical, photographic, cinematographic, measuring, checking, medical or surgical instruments and apparatus; parts and accessories",Optical Accessories,28.1008,5.7
2003,6,62,5.7843,62 - Apparel and clothing accessories; not knitted or crocheted,Non Knitted Apparel,161.495,3.6,39,1.2454,39 - Plastics and articles thereof,Plastics Articles,28.1008,4.4
2003,7,42,5.4434,"42 - Articles of leather; saddlery and harness; travel goods, handbags and similar containers; articles of animal gut (0 than silk-worm gut)",Leather Articles,161.495,3.4,29,1.112,29 - Organic chemicals,Organic Chemicals,28.1008,4
2003,8,39,4.7806,39 - Plastics and articles thereof,Plastics Articles,161.495,3,72,1.1014,72 - Iron and steel,Iron and Steel,28.1008,3.9
2003,9,73,3.6144,73 - Iron or steel articles,Iron and Steel,161.495,2.2,52,0.7681,52 - Cotton,Cotton,28.1008,2.7
2003,10,90,3.3863,"90 - Optical, photographic, cinematographic, measuring, checking, medical or surgical instruments and apparatus; parts and accessories",Optical Accessories,161.495,2.1,74,0.65,74 - Copper and articles thereof,Copper and Articles,28.1008,2.3
2003,99,0,35.1579,0,Other,161.495,21.8,0,6.8438,0,Other,28.1008,24.4
2004,1,84,45.402,"84 - Machinery and mechanical appliances, boilers, nuclear reactors; parts thereof",Mechanical Appliances,208.1352,21.8,85,6.0722,"85 - Electrical machinery and equipment and parts thereof; sound recorders and reproducers; television image and sound recorders and reproducers, parts and accessories of such articles",Electrical Machinery,34.0814,17.8
2004,2,85,41.7326,"85 - Electrical machinery and equipment and parts thereof; sound recorders and reproducers; television image and sound recorders and reproducers, parts and accessories of such articles",Electrical Machinery,208.1352,20.1,84,6.0676,"84 - Machinery and mechanical appliances, boilers, nuclear reactors; parts thereof",Mechanical Appliances,34.0814,17.8
2004,3,95,18.7413,"95 - Toys, games and sports requisites; parts and accessories thereof",Toys and Games,208.1352,9,12,2.3711,"12 - Oil seeds and oleaginous fruits; miscellaneous grains, seeds and fruit, industrial or medicinal plants; straw and fodder",Oil Seeds,34.0814,7
2004,4,94,16.7467,"94 - Furniture; bedding, mattresses, mattress supports, cushions and similar stuffed furnishings; lamps and lighting fittings, n.e.c.; illuminated signs, illuminated name-plates and the like; prefabricated buildings",Furniture,208.1352,8,90,2.0749,"90 - Optical, photographic, cinematographic, measuring, checking, medical or surgical instruments and apparatus; parts and accessories",Optical Accessories,34.0814,6.1
2004,5,64,12.0114,64 - Footwear; gaiters and the like; parts of such articles,Footwear,208.1352,5.8,88,1.8148,"88 - Aircraft, spacecraft, and parts thereof",Aircraft and Parts,34.0814,5.3
2004,6,62,6.9802,62 - Apparel and clothing accessories; not knitted or crocheted,Non Knitted Apparel,208.1352,3.4,39,1.796,39 - Plastics and articles thereof,Plastics Articles,34.0814,5.3
2004,7,42,6.2005,"42 - Articles of leather; saddlery and harness; travel goods, handbags and similar containers; articles of animal gut (0 than silk-worm gut)",Leather Articles,208.1352,3,29,1.5504,29 - Organic chemicals,Organic Chemicals,34.0814,4.5
2004,8,39,5.8205,39 - Plastics and articles thereof,Plastics Articles,208.1352,2.8,52,1.4319,52 - Cotton,Cotton,34.0814,4.2
2004,9,73,5.1874,73 - Iron or steel articles,Iron and Steel,208.1352,2.5,72,1.0998,72 - Iron and steel,Iron and Steel,34.0814,3.2
2004,10,61,4.336,61 - Apparel and clothing accessories; knitted or crocheted,Knitted Apparel,208.1352,2.1,47,0.7442,47 - Pulp of wood or 0 fibrous cellulosic material; recovered (waste and scrap) paper or paperboard,Wood Pulp,34.0814,2.2
2004,99,0,44.9766,0,Other,208.1352,21.6,0,9.0585,0,Other,34.0814,26.6
2005,1,85,54.9065,"85 - Electrical machinery and equipment and parts thereof; sound recorders and reproducers; television image and sound recorders and reproducers, parts and accessories of such articles",Electrical Machinery,256.9436,21.4,85,6.8522,"85 - Electrical machinery and equipment and parts thereof; sound recorders and reproducers; television image and sound recorders and reproducers, parts and accessories of such articles",Electrical Machinery,40.802,16.8
2005,2,84,54.5257,"84 - Machinery and mechanical appliances, boilers, nuclear reactors; parts thereof",Mechanical Appliances,256.9436,21.2,84,6.2169,"84 - Machinery and mechanical appliances, boilers, nuclear reactors; parts thereof",Mechanical Appliances,40.802,15.2
2005,3,95,20.7298,"95 - Toys, games and sports requisites; parts and accessories thereof",Toys and Games,256.9436,8.1,88,3.7904,"88 - Aircraft, spacecraft, and parts thereof",Aircraft and Parts,40.802,9.3
2005,4,94,19.7234,"94 - Furniture; bedding, mattresses, mattress supports, cushions and similar stuffed furnishings; lamps and lighting fittings, n.e.c.; illuminated signs, illuminated name-plates and the like; prefabricated buildings",Furniture,256.9436,7.7,90,2.3889,"90 - Optical, photographic, cinematographic, measuring, checking, medical or surgical instruments and apparatus; parts and accessories",Optical Accessories,40.802,5.9
2005,5,64,13.4602,64 - Footwear; gaiters and the like; parts of such articles,Footwear,256.9436,5.2,12,2.2854,"12 - Oil seeds and oleaginous fruits; miscellaneous grains, seeds and fruit, industrial or medicinal plants; straw and fodder",Oil Seeds,40.802,5.6
2005,6,62,10.8433,62 - Apparel and clothing accessories; not knitted or crocheted,Non Knitted Apparel,256.9436,4.2,39,2.2623,39 - Plastics and articles thereof,Plastics Articles,40.802,5.5
2005,7,39,7.3733,39 - Plastics and articles thereof,Plastics Articles,256.9436,2.9,72,1.596,72 - Iron and steel,Iron and Steel,40.802,3.9
2005,8,61,6.9614,61 - Apparel and clothing accessories; knitted or crocheted,Knitted Apparel,256.9436,2.7,29,1.5129,29 - Organic chemicals,Organic Chemicals,40.802,3.7
2005,9,73,6.9255,73 - Iron or steel articles,Iron and Steel,256.9436,2.7,52,1.4174,52 - Cotton,Cotton,40.802,3.5
2005,10,42,6.787,"42 - Articles of leather; saddlery and harness; travel goods, handbags and similar containers; articles of animal gut (0 than silk-worm gut)",Leather Articles,256.9436,2.6,47,0.9949,47 - Pulp of wood or 0 fibrous cellulosic material; recovered (waste and scrap) paper or paperboard,Wood Pulp,40.802,2.4
2005,99,0,54.7075,0,Other,256.9436,21.3,0,11.4847,0,Other,40.802,28.1
2006,1,85,66.9295,"85 - Electrical machinery and equipment and parts thereof; sound recorders and reproducers; television image and sound recorders and reproducers, parts and accessories of such articles",Electrical Machinery,302.2887,22.1,85,10.1779,"85 - Electrical machinery and equipment and parts thereof; sound recorders and reproducers; television image and sound recorders and reproducers, parts and accessories of such articles",Electrical Machinery,54.7411,18.6
2006,2,84,64.2775,"84 - Machinery and mechanical appliances, boilers, nuclear reactors; parts thereof",Mechanical Appliances,302.2887,21.3,84,7.7043,"84 - Machinery and mechanical appliances, boilers, nuclear reactors; parts thereof",Mechanical Appliances,54.7411,14.1
2006,3,95,22.4075,"95 - Toys, games and sports requisites; parts and accessories thereof",Toys and Games,302.2887,7.4,88,6.0896,"88 - Aircraft, spacecraft, and parts thereof",Aircraft and Parts,54.7411,11.1
2006,4,94,22.143,"94 - Furniture; bedding, mattresses, mattress supports, cushions and similar stuffed furnishings; lamps and lighting fittings, n.e.c.; illuminated signs, illuminated name-plates and the like; prefabricated buildings",Furniture,302.2887,7.3,90,2.9413,"90 - Optical, photographic, cinematographic, measuring, checking, medical or surgical instruments and apparatus; parts and accessories",Optical Accessories,54.7411,5.4
2006,5,64,14.6673,64 - Footwear; gaiters and the like; parts of such articles,Footwear,302.2887,4.9,39,2.7156,39 - Plastics and articles thereof,Plastics Articles,54.7411,5
2006,6,62,12.5024,62 - Apparel and clothing accessories; not knitted or crocheted,Non Knitted Apparel,302.2887,4.1,12,2.5846,"12 - Oil seeds and oleaginous fruits; miscellaneous grains, seeds and fruit, industrial or medicinal plants; straw and fodder",Oil Seeds,54.7411,4.7
2006,7,73,9.3073,73 - Iron or steel articles,Iron and Steel,302.2887,3.1,52,2.0818,52 - Cotton,Cotton,54.7411,3.8
2006,8,61,8.4403,61 - Apparel and clothing accessories; knitted or crocheted,Knitted Apparel,302.2887,2.8,72,1.8003,72 - Iron and steel,Iron and Steel,54.7411,3.3
2006,9,39,8.2743,39 - Plastics and articles thereof,Plastics Articles,302.2887,2.7,74,1.7744,74 - Copper and articles thereof,Copper and Articles,54.7411,3.2
2006,10,42,7.3737,"42 - Articles of leather; saddlery and harness; travel goods, handbags and similar containers; articles of animal gut (0 than silk-worm gut)",Leather Articles,302.2887,2.4,76,1.7354,76 - Aluminium and articles thereof,Aluminium and Articles,54.7411,3.2
2006,99,0,65.9659,0,Other,302.2887,21.8,0,15.1359,0,Other,54.7411,27.6
2007,1,85,78.9703,"85 - Electrical machinery and equipment and parts thereof; sound recorders and reproducers; television image and sound recorders and reproducers, parts and accessories of such articles",Electrical Machinery,336.1438,23.5,85,10.6638,"85 - Electrical machinery and equipment and parts thereof; sound recorders and reproducers; television image and sound recorders and reproducers, parts and accessories of such articles",Electrical Machinery,64.6869,16.5
2007,2,84,66.0923,"84 - Machinery and mechanical appliances, boilers, nuclear reactors; parts thereof",Mechanical Appliances,336.1438,19.7,84,8.8594,"84 - Machinery and mechanical appliances, boilers, nuclear reactors; parts thereof",Mechanical Appliances,64.6869,13.7
2007,3,95,27.6278,"95 - Toys, games and sports requisites; parts and accessories thereof",Toys and Games,336.1438,8.2,88,7.198,"88 - Aircraft, spacecraft, and parts thereof",Aircraft and Parts,64.6869,11.1
2007,4,94,23.091,"94 - Furniture; bedding, mattresses, mattress supports, cushions and similar stuffed furnishings; lamps and lighting fittings, n.e.c.; illuminated signs, illuminated name-plates and the like; prefabricated buildings",Furniture,336.1438,6.9,12,4.1793,"12 - Oil seeds and oleaginous fruits; miscellaneous grains, seeds and fruit, industrial or medicinal plants; straw and fodder",Oil Seeds,64.6869,6.5
2007,5,64,14.8907,64 - Footwear; gaiters and the like; parts of such articles,Footwear,336.1438,4.4,39,3.6003,39 - Plastics and articles thereof,Plastics Articles,64.6869,5.6
2007,6,62,14.0797,62 - Apparel and clothing accessories; not knitted or crocheted,Non Knitted Apparel,336.1438,4.2,90,3.3143,"90 - Optical, photographic, cinematographic, measuring, checking, medical or surgical instruments and apparatus; parts and accessories",Optical Accessories,64.6869,5.1
2007,7,61,11.0964,61 - Apparel and clothing accessories; knitted or crocheted,Knitted Apparel,336.1438,3.3,72,2.2252,72 - Iron and steel,Iron and Steel,64.6869,3.4
2007,8,73,10.8038,73 - Iron or steel articles,Iron and Steel,336.1438,3.2,74,2.1626,74 - Copper and articles thereof,Copper and Articles,64.6869,3.3
2007,9,39,9.1158,39 - Plastics and articles thereof,Plastics Articles,336.1438,2.7,29,2.1008,29 - Organic chemicals,Organic Chemicals,64.6869,3.2
2007,10,42,7.7699,"42 - Articles of leather; saddlery and harness; travel goods, handbags and similar containers; articles of animal gut (0 than silk-worm gut)",Leather Articles,336.1438,2.3,47,2.0531,47 - Pulp of wood or 0 fibrous cellulosic material; recovered (waste and scrap) paper or paperboard,Wood Pulp,64.6869,3.2
2007,99,0,72.6061,0,Other,336.1438,21.6,0,18.3301,0,Other,64.6869,28.3
2008,1,85,82.6539,"85 - Electrical machinery and equipment and parts thereof; sound recorders and reproducers; television image and sound recorders and reproducers, parts and accessories of such articles",Electrical Machinery,352.1301,23.5,84,9.7486,"84 - Machinery and mechanical appliances, boilers, nuclear reactors; parts thereof",Mechanical Appliances,70.7928,13.8
2008,2,84,67.3692,"84 - Machinery and mechanical appliances, boilers, nuclear reactors; parts thereof",Mechanical Appliances,352.1301,19.1,12,7.3636,"12 - Oil seeds and oleaginous fruits; miscellaneous grains, seeds and fruit, industrial or medicinal plants; straw and fodder",Oil Seeds,70.7928,10.4
2008,3,95,28.5912,"95 - Toys, games and sports requisites; parts and accessories thereof",Toys and Games,352.1301,8.1,88,5.1083,"88 - Aircraft, spacecraft, and parts thereof",Aircraft and Parts,70.7928,7.2
2008,4,94,21.9147,"94 - Furniture; bedding, mattresses, mattress supports, cushions and similar stuffed furnishings; lamps and lighting fittings, n.e.c.; illuminated signs, illuminated name-plates and the like; prefabricated buildings",Furniture,352.1301,6.2,39,3.837,39 - Plastics and articles thereof,Plastics Articles,70.7928,5.4
2008,5,64,15.2108,64 - Footwear; gaiters and the like; parts of such articles,Footwear,352.1301,4.3,90,3.7419,"90 - Optical, photographic, cinematographic, measuring, checking, medical or surgical instruments and apparatus; parts and accessories",Optical Accessories,70.7928,5.3
2008,6,62,13.9824,62 - Apparel and clothing accessories; not knitted or crocheted,Non Knitted Apparel,352.1301,4,72,2.4435,72 - Iron and steel,Iron and Steel,70.7928,3.5
2008,7,73,13.1052,73 - Iron or steel articles,Iron and Steel,352.1301,3.7,47,2.2831,47 - Pulp of wood or 0 fibrous cellulosic material; recovered (waste and scrap) paper or paperboard,Wood Pulp,70.7928,3.2
2008,8,61,11.1955,61 - Apparel and clothing accessories; knitted or crocheted,Knitted Apparel,352.1301,3.2,76,2.1147,76 - Aluminium and articles thereof,Aluminium and Articles,70.7928,3
2008,9,39,9.7935,39 - Plastics and articles thereof,Plastics Articles,352.1301,2.8,29,2.0839,29 - Organic chemicals,Organic Chemicals,70.7928,2.9
2008,10,42,7.8904,"42 - Articles of leather; saddlery and harness; travel goods, handbags and similar containers; articles of animal gut (0 than silk-worm gut)",Leather Articles,352.1301,2.2,85,11.3842,"85 - Electrical machinery and equipment and parts thereof; sound recorders and reproducers; television image and sound recorders and reproducers, parts and accessories of such articles",Electrical Machinery,70.7928,16.1
2008,99,0,80.4233,0,Other,352.1301,22.8,0,20.684,0,Other,70.7928,29.2
2009,1,85,74.7387,"85 - Electrical machinery and equipment and parts thereof; sound recorders and reproducers; television image and sound recorders and reproducers, parts and accessories of such articles",Electrical Machinery,305.7822,24.4,85,9.4772,"85 - Electrical machinery and equipment and parts thereof; sound recorders and reproducers; television image and sound recorders and reproducers, parts and accessories of such articles",Electrical Machinery,68.9902,13.7
2009,2,84,64.2021,"84 - Machinery and mechanical appliances, boilers, nuclear reactors; parts thereof",Mechanical Appliances,305.7822,21,12,9.3126,"12 - Oil seeds and oleaginous fruits; miscellaneous grains, seeds and fruit, industrial or medicinal plants; straw and fodder",Oil Seeds,68.9902,13.5
2009,3,95,24.0901,"95 - Toys, games and sports requisites; parts and accessories thereof",Toys and Games,305.7822,7.9,84,8.4005,"84 - Machinery and mechanical appliances, boilers, nuclear reactors; parts thereof",Mechanical Appliances,68.9902,12.2
2009,4,94,17.6461,"94 - Furniture; bedding, mattresses, mattress supports, cushions and similar stuffed furnishings; lamps and lighting fittings, n.e.c.; illuminated signs, illuminated name-plates and the like; prefabricated buildings",Furniture,305.7822,5.8,88,5.3365,"88 - Aircraft, spacecraft, and parts thereof",Aircraft and Parts,68.9902,7.7
2009,5,64,13.8884,64 - Footwear; gaiters and the like; parts of such articles,Footwear,305.7822,4.5,39,4.3784,39 - Plastics and articles thereof,Plastics Articles,68.9902,6.3
2009,6,62,13.4425,62 - Apparel and clothing accessories; not knitted or crocheted,Non Knitted Apparel,305.7822,4.4,90,3.9659,"90 - Optical, photographic, cinematographic, measuring, checking, medical or surgical instruments and apparatus; parts and accessories",Optical Accessories,68.9902,5.7
2009,7,61,11.9242,61 - Apparel and clothing accessories; knitted or crocheted,Knitted Apparel,305.7822,3.9,72,2.8496,72 - Iron and steel,Iron and Steel,68.9902,4.1
2009,8,39,8.6794,39 - Plastics and articles thereof,Plastics Articles,305.7822,2.8,47,2.4976,47 - Pulp of wood or 0 fibrous cellulosic material; recovered (waste and scrap) paper or paperboard,Wood Pulp,68.9902,3.6
2009,9,73,8.0744,73 - Iron or steel articles,Iron and Steel,305.7822,2.6,29,2.3982,29 - Organic chemicals,Organic Chemicals,68.9902,3.5
2009,10,42,6.3232,"42 - Articles of leather; saddlery and harness; travel goods, handbags and similar containers; articles of animal gut (0 than silk-worm gut)",Leather Articles,305.7822,2.1,87,1.9214,"87 - Vehicles; 0 than railway or tramway rolling stock, and parts and accessories thereof",Vehicles,68.9902,2.8
2009,99,0,62.7731,0,Other,305.7822,20.5,0,18.4523,0,Other,68.9902,26.7
2010,1,85,93.2814,"85 - Electrical machinery and equipment and parts thereof; sound recorders and reproducers; television image and sound recorders and reproducers, parts and accessories of such articles",Electrical Machinery,379.0203,24.6,85,11.5249,"85 - Electrical machinery and equipment and parts thereof; sound recorders and reproducers; television image and sound recorders and reproducers, parts and accessories of such articles",Electrical Machinery,90.6103,12.7
2010,2,84,85.1095,"84 - Machinery and mechanical appliances, boilers, nuclear reactors; parts thereof",Mechanical Appliances,379.0203,22.5,84,11.2199,"84 - Machinery and mechanical appliances, boilers, nuclear reactors; parts thereof",Mechanical Appliances,90.6103,12.4
2010,3,95,26.2183,"95 - Toys, games and sports requisites; parts and accessories thereof",Toys and Games,379.0203,6.9,12,11.037,"12 - Oil seeds and oleaginous fruits; miscellaneous grains, seeds and fruit, industrial or medicinal plants; straw and fodder",Oil Seeds,90.6103,12.2
2010,4,94,22.3234,"94 - Furniture; bedding, mattresses, mattress supports, cushions and similar stuffed furnishings; lamps and lighting fittings, n.e.c.; illuminated signs, illuminated name-plates and the like; prefabricated buildings",Furniture,379.0203,5.9,88,5.7628,"88 - Aircraft, spacecraft, and parts thereof",Aircraft and Parts,90.6103,6.4
2010,5,64,16.7107,64 - Footwear; gaiters and the like; parts of such articles,Footwear,379.0203,4.4,90,5.204,"90 - Optical, photographic, cinematographic, measuring, checking, medical or surgical instruments and apparatus; parts and accessories",Optical Accessories,90.6103,5.7
2010,6,62,15.447,62 - Apparel and clothing accessories; not knitted or crocheted,Non Knitted Apparel,379.0203,4.1,39,4.8421,39 - Plastics and articles thereof,Plastics Articles,90.6103,5.3
2010,7,61,14.6965,61 - Apparel and clothing accessories; knitted or crocheted,Knitted Apparel,379.0203,3.9,87,4.5105,"87 - Vehicles; 0 than railway or tramway rolling stock, and parts and accessories thereof",Vehicles,90.6103,5
2010,8,39,10.512,39 - Plastics and articles thereof,Plastics Articles,379.0203,2.8,29,2.9792,29 - Organic chemicals,Organic Chemicals,90.6103,3.3
2010,9,73,8.0204,73 - Iron or steel articles,Iron and Steel,379.0203,2.1,74,2.886,74 - Copper and articles thereof,Copper and Articles,90.6103,3.2
2010,10,42,7.9515,"42 - Articles of leather; saddlery and harness; travel goods, handbags and similar containers; articles of animal gut (0 than silk-worm gut)",Leather Articles,379.0203,2.1,47,3.0523,47 - Pulp of wood or 0 fibrous cellulosic material; recovered (waste and scrap) paper or paperboard,Wood Pulp,90.6103,3.4
2010,99,0,78.7496,0,Other,379.0203,20.8,0,27.5916,0,Other,90.6103,30.5
2011,1,85,101.1677,"85 - Electrical machinery and equipment and parts thereof; sound recorders and reproducers; television image and sound recorders and reproducers, parts and accessories of such articles",Electrical Machinery,413.1562,24.5,84,12.2468,"84 - Machinery and mechanical appliances, boilers, nuclear reactors; parts thereof",Mechanical Appliances,103.2351,11.9
2011,2,84,97.8225,"84 - Machinery and mechanical appliances, boilers, nuclear reactors; parts thereof",Mechanical Appliances,413.1562,23.7,12,10.7143,"12 - Oil seeds and oleaginous fruits; miscellaneous grains, seeds and fruit, industrial or medicinal plants; straw and fodder",Oil Seeds,103.2351,10.4
2011,3,95,23.7336,"95 - Toys, games and sports requisites; parts and accessories thereof",Toys and Games,413.1562,5.7,85,10.1642,"85 - Electrical machinery and equipment and parts thereof; sound recorders and reproducers; television image and sound recorders and reproducers, parts and accessories of such articles",Electrical Machinery,103.2351,9.8
2011,4,94,22.7114,"94 - Furniture; bedding, mattresses, mattress supports, cushions and similar stuffed furnishings; lamps and lighting fittings, n.e.c.; illuminated signs, illuminated name-plates and the like; prefabricated buildings",Furniture,413.1562,5.5,87,6.7678,"87 - Vehicles; 0 than railway or tramway rolling stock, and parts and accessories thereof",Vehicles,103.2351,6.6
2011,5,64,17.4708,64 - Footwear; gaiters and the like; parts of such articles,Footwear,413.1562,4.2,88,6.3984,"88 - Aircraft, spacecraft, and parts thereof",Aircraft and Parts,103.2351,6.2
2011,6,61,15.6327,61 - Apparel and clothing accessories; knitted or crocheted,Knitted Apparel,413.1562,3.8,90,5.7579,"90 - Optical, photographic, cinematographic, measuring, checking, medical or surgical instruments and apparatus; parts and accessories",Optical Accessories,103.2351,5.6
2011,7,62,15.5751,62 - Apparel and clothing accessories; not knitted or crocheted,Non Knitted Apparel,413.1562,3.8,39,5.1234,39 - Plastics and articles thereof,Plastics Articles,103.2351,5
2011,8,39,11.7908,39 - Plastics and articles thereof,Plastics Articles,413.1562,2.9,47,3.9953,47 - Pulp of wood or 0 fibrous cellulosic material; recovered (waste and scrap) paper or paperboard,Wood Pulp,103.2351,3.9
2011,9,73,9.3592,73 - Iron or steel articles,Iron and Steel,413.1562,2.3,74,3.7735,74 - Copper and articles thereof,Copper and Articles,103.2351,3.7
2011,10,87,8.732,"87 - Vehicles; 0 than railway or tramway rolling stock, and parts and accessories thereof",Vehicles,413.1562,2.1,29,3.5242,29 - Organic chemicals,Organic Chemicals,103.2351,3.4
2011,99,0,89.1604,0,Other,413.1562,21.6,0,34.7693,0,Other,103.2351,33.7
2012,1,85,113.33,"85 - Electrical machinery and equipment and parts thereof; sound recorders and reproducers; television image and sound recorders and reproducers, parts and accessories of such articles",Electrical Machinery,439.9114,25.8,12,15.1467,"12 - Oil seeds and oleaginous fruits; miscellaneous grains, seeds and fruit, industrial or medicinal plants; straw and fodder",Oil Seeds,109.679,13.8
2012,2,84,102.1778,"84 - Machinery and mechanical appliances, boilers, nuclear reactors; parts thereof",Mechanical Appliances,439.9114,23.2,84,11.554,"84 - Machinery and mechanical appliances, boilers, nuclear reactors; parts thereof",Mechanical Appliances,109.679,10.5
2012,3,94,24.7865,"94 - Furniture; bedding, mattresses, mattress supports, cushions and similar stuffed furnishings; lamps and lighting fittings, n.e.c.; illuminated signs, illuminated name-plates and the like; prefabricated buildings",Furniture,439.9114,5.6,85,9.6672,"85 - Electrical machinery and equipment and parts thereof; sound recorders and reproducers; television image and sound recorders and reproducers, parts and accessories of such articles",Electrical Machinery,109.679,8.8
2012,4,95,23.1055,"95 - Toys, games and sports requisites; parts and accessories thereof",Toys and Games,439.9114,5.3,88,8.3661,"88 - Aircraft, spacecraft, and parts thereof",Aircraft and Parts,109.679,7.6
2012,5,64,17.8745,64 - Footwear; gaiters and the like; parts of such articles,Footwear,439.9114,4.1,90,7.0346,"90 - Optical, photographic, cinematographic, measuring, checking, medical or surgical instruments and apparatus; parts and accessories",Optical Accessories,109.679,6.4
2012,6,61,15.5539,61 - Apparel and clothing accessories; knitted or crocheted,Knitted Apparel,439.9114,3.5,39,4.6983,39 - Plastics and articles thereof,Plastics Articles,109.679,4.3
2012,7,62,15.294,62 - Apparel and clothing accessories; not knitted or crocheted,Non Knitted Apparel,439.9114,3.5,74,3.9415,74 - Copper and articles thereof,Copper and Articles,109.679,3.6
2012,8,39,13.1643,39 - Plastics and articles thereof,Plastics Articles,439.9114,3,47,3.82,47 - Pulp of wood or 0 fibrous cellulosic material; recovered (waste and scrap) paper or paperboard,Wood Pulp,109.679,3.5
2012,9,73,10.1225,73 - Iron or steel articles,Iron and Steel,439.9114,2.3,52,3.5194,52 - Cotton,Cotton,109.679,3.2
2012,10,87,9.9925,"87 - Vehicles; 0 than railway or tramway rolling stock, and parts and accessories thereof",Vehicles,439.9114,2.3,87,7.0599,"87 - Vehicles; 0 than railway or tramway rolling stock, and parts and accessories thereof",Vehicles,109.679,6.4
2012,99,0,94.5099,0,Other,439.9114,21.5,0,34.8713,0,Other,109.679,31.8
2013,1,85,120.1186,"85 - Electrical machinery and equipment and parts thereof; sound recorders and reproducers; television image and sound recorders and reproducers, parts and accessories of such articles",Electrical Machinery,454.4757,26.4,12,13.6988,"12 - Oil seeds and oleaginous fruits; miscellaneous grains, seeds and fruit, industrial or medicinal plants; straw and fodder",Oil Seeds,120.7646,11.3
2013,2,84,103.145,"84 - Machinery and mechanical appliances, boilers, nuclear reactors; parts thereof",Mechanical Appliances,454.4757,22.7,88,12.5874,"88 - Aircraft, spacecraft, and parts thereof",Aircraft and Parts,120.7646,10.4
2013,3,94,26.6139,"94 - Furniture; bedding, mattresses, mattress supports, cushions and similar stuffed furnishings; lamps and lighting fittings, n.e.c.; illuminated signs, illuminated name-plates and the like; prefabricated buildings",Furniture,454.4757,5.9,84,12.2021,"84 - Machinery and mechanical appliances, boilers, nuclear reactors; parts thereof",Mechanical Appliances,120.7646,10.1
2013,4,95,22.8135,"95 - Toys, games and sports requisites; parts and accessories thereof",Toys and Games,454.4757,5,85,11.3869,"85 - Electrical machinery and equipment and parts thereof; sound recorders and reproducers; television image and sound recorders and reproducers, parts and accessories of such articles",Electrical Machinery,120.7646,9.4
2013,5,64,17.7075,64 - Footwear; gaiters and the like; parts of such articles,Footwear,454.4757,3.9,87,10.3303,"87 - Vehicles; 0 than railway or tramway rolling stock, and parts and accessories thereof",Vehicles,120.7646,8.6
2013,6,61,16.1584,61 - Apparel and clothing accessories; knitted or crocheted,Knitted Apparel,454.4757,3.6,90,7.6658,"90 - Optical, photographic, cinematographic, measuring, checking, medical or surgical instruments and apparatus; parts and accessories",Optical Accessories,120.7646,6.3
2013,7,62,15.4831,62 - Apparel and clothing accessories; not knitted or crocheted,Non Knitted Apparel,454.4757,3.4,39,4.7445,39 - Plastics and articles thereof,Plastics Articles,120.7646,3.9
2013,8,39,13.9514,39 - Plastics and articles thereof,Plastics Articles,454.4757,3.1,47,3.6016,47 - Pulp of wood or 0 fibrous cellulosic material; recovered (waste and scrap) paper or paperboard,Wood Pulp,120.7646,3
2013,9,87,10.4757,"87 - Vehicles; 0 than railway or tramway rolling stock, and parts and accessories thereof",Vehicles,454.4757,2.3,29,3.1026,29 - Organic chemicals,Organic Chemicals,120.7646,2.6
2013,10,90,9.803,"90 - Optical, photographic, cinematographic, measuring, checking, medical or surgical instruments and apparatus; parts and accessories",Optical Accessories,454.4757,2.2,74,3.471,74 - Copper and articles thereof,Copper and Articles,120.7646,2.9
2013,99,0,98.2056,0,Other,454.4757,21.6,0,37.9736,0,Other,120.7646,31.4
2014,1,85,129.8044,"85 - Electrical machinery and equipment and parts thereof; sound recorders and reproducers; television image and sound recorders and reproducers, parts and accessories of such articles",Electrical Machinery,481.7647,26.9,12,14.937,"12 - Oil seeds and oleaginous fruits; miscellaneous grains, seeds and fruit, industrial or medicinal plants; straw and fodder",Oil Seeds,122.6839,12.2
2014,2,84,108.1623,"84 - Machinery and mechanical appliances, boilers, nuclear reactors; parts thereof",Mechanical Appliances,481.7647,22.5,88,13.9251,"88 - Aircraft, spacecraft, and parts thereof",Aircraft and Parts,122.6839,11.4
2014,3,94,28.0126,"94 - Furniture; bedding, mattresses, mattress supports, cushions and similar stuffed furnishings; lamps and lighting fittings, n.e.c.; illuminated signs, illuminated name-plates and the like; prefabricated buildings",Furniture,481.7647,5.8,87,13.27,"87 - Vehicles; 0 than railway or tramway rolling stock, and parts and accessories thereof",Vehicles,122.6839,10.8
2014,4,95,23.7461,"95 - Toys, games and sports requisites; parts and accessories thereof",Toys and Games,481.7647,4.9,84,12.4755,"84 - Machinery and mechanical appliances, boilers, nuclear reactors; parts thereof",Mechanical Appliances,122.6839,10.2
2014,5,64,17.7707,64 - Footwear; gaiters and the like; parts of such articles,Footwear,481.7647,3.7,85,12.0191,"85 - Electrical machinery and equipment and parts thereof; sound recorders and reproducers; television image and sound recorders and reproducers, parts and accessories of such articles",Electrical Machinery,122.6839,9.8
2014,6,61,16.7249,61 - Apparel and clothing accessories; knitted or crocheted,Knitted Apparel,481.7647,3.5,90,7.5276,"90 - Optical, photographic, cinematographic, measuring, checking, medical or surgical instruments and apparatus; parts and accessories",Optical Accessories,122.6839,6.1
2014,7,62,14.922,62 - Apparel and clothing accessories; not knitted or crocheted,Non Knitted Apparel,481.7647,3.1,39,5.0724,39 - Plastics and articles thereof,Plastics Articles,122.6839,4.1
2014,8,39,14.9132,39 - Plastics and articles thereof,Plastics Articles,481.7647,3.1,47,3.3659,47 - Pulp of wood or 0 fibrous cellulosic material; recovered (waste and scrap) paper or paperboard,Wood Pulp,122.6839,2.7
2014,9,87,12.1894,"87 - Vehicles; 0 than railway or tramway rolling stock, and parts and accessories thereof",Vehicles,481.7647,2.5,44,2.6644,44 - Wood and articles of wood; wood charcoal,Wood and Articles,122.6839,2.2
2014,10,90,10.6411,"90 - Optical, photographic, cinematographic, measuring, checking, medical or surgical instruments and apparatus; parts and accessories",Optical Accessories,481.7647,2.2,74,2.9112,74 - Copper and articles thereof,Copper and Articles,122.6839,2.4
2014,99,0,104.878,0,Other,481.7647,21.8,0,34.5157,0,Other,122.6839,28.1
2015,1,85,136.0062,"85 - Electrical machinery and equipment and parts thereof; sound recorders and reproducers; television image and sound recorders and reproducers, parts and accessories of such articles",Electrical Machinery,498.4228,27.3,88,15.4409,"88 - Aircraft, spacecraft, and parts thereof",Aircraft and Parts,115.1165,13.4
2015,2,84,107.0321,"84 - Machinery and mechanical appliances, boilers, nuclear reactors; parts thereof",Mechanical Appliances,498.4228,21.5,85,12.7607,"85 - Electrical machinery and equipment and parts thereof; sound recorders and reproducers; television image and sound recorders and reproducers, parts and accessories of such articles",Electrical Machinery,115.1165,11.1
2015,3,94,30.845,"94 - Furniture; bedding, mattresses, mattress supports, cushions and similar stuffed furnishings; lamps and lighting fittings, n.e.c.; illuminated signs, illuminated name-plates and the like; prefabricated buildings",Furniture,498.4228,6.2,84,12.2481,"84 - Machinery and mechanical appliances, boilers, nuclear reactors; parts thereof",Mechanical Appliances,115.1165,10.6
2015,4,95,25.7652,"95 - Toys, games and sports requisites; parts and accessories thereof",Toys and Games,498.4228,5.2,12,11.0909,"12 - Oil seeds and oleaginous fruits; miscellaneous grains, seeds and fruit, industrial or medicinal plants; straw and fodder",Oil Seeds,115.1165,9.6
2015,5,64,17.9693,64 - Footwear; gaiters and the like; parts of such articles,Footwear,498.4228,3.6,87,10.8682,"87 - Vehicles; 0 than railway or tramway rolling stock, and parts and accessories thereof",Vehicles,115.1165,9.4
2015,6,61,16.9303,61 - Apparel and clothing accessories; knitted or crocheted,Knitted Apparel,498.4228,3.4,90,7.9226,"90 - Optical, photographic, cinematographic, measuring, checking, medical or surgical instruments and apparatus; parts and accessories",Optical Accessories,115.1165,6.9
2015,7,39,15.4517,39 - Plastics and articles thereof,Plastics Articles,498.4228,3.1,39,4.9097,39 - Plastics and articles thereof,Plastics Articles,115.1165,4.3
2015,8,62,15.3458,62 - Apparel and clothing accessories; not knitted or crocheted,Non Knitted Apparel,498.4228,3.1,47,3.414,47 - Pulp of wood or 0 fibrous cellulosic material; recovered (waste and scrap) paper or paperboard,Wood Pulp,115.1165,3
2015,9,87,13.8954,"87 - Vehicles; 0 than railway or tramway rolling stock, and parts and accessories thereof",Vehicles,498.4228,2.8,10,2.4664,10 - Cereals,Cereals,115.1165,2.1
2015,10,90,11.4015,"90 - Optical, photographic, cinematographic, measuring, checking, medical or surgical instruments and apparatus; parts and accessories",Optical Accessories,498.4228,2.3,29,2.4638,29 - Organic chemicals,Organic Chemicals,115.1165,2.1
2015,99,0,107.7803,0,Other,498.4228,21.6,0,31.5312,0,Other,115.1165,27.4
2016,1,85,131.6966,"85 - Electrical machinery and equipment and parts thereof; sound recorders and reproducers; television image and sound recorders and reproducers, parts and accessories of such articles",Electrical Machinery,475.8066,27.7,12,14.9054,"12 - Oil seeds and oleaginous fruits; miscellaneous grains, seeds and fruit, industrial or medicinal plants; straw and fodder",Oil Seeds,114.5711,13
2016,2,84,100.0479,"84 - Machinery and mechanical appliances, boilers, nuclear reactors; parts thereof",Mechanical Appliances,475.8066,21,88,14.578,"88 - Aircraft, spacecraft, and parts thereof",Aircraft and Parts,114.5711,12.7
2016,3,94,31.6648,"94 - Furniture; bedding, mattresses, mattress supports, cushions and similar stuffed furnishings; lamps and lighting fittings, n.e.c.; illuminated signs, illuminated name-plates and the like; prefabricated buildings",Furniture,475.8066,6.7,85,12.3784,"85 - Electrical machinery and equipment and parts thereof; sound recorders and reproducers; television image and sound recorders and reproducers, parts and accessories of such articles",Electrical Machinery,114.5711,10.8
2016,4,95,24.9251,"95 - Toys, games and sports requisites; parts and accessories thereof",Toys and Games,475.8066,5.2,84,11.3873,"84 - Machinery and mechanical appliances, boilers, nuclear reactors; parts thereof",Mechanical Appliances,114.5711,9.9
2016,5,39,15.6093,39 - Plastics and articles thereof,Plastics Articles,475.8066,3.3,87,11.0664,"87 - Vehicles; 0 than railway or tramway rolling stock, and parts and accessories thereof",Vehicles,114.5711,9.7
2016,6,64,15.3726,64 - Footwear; gaiters and the like; parts of such articles,Footwear,475.8066,3.2,90,8.267,"90 - Optical, photographic, cinematographic, measuring, checking, medical or surgical instruments and apparatus; parts and accessories",Optical Accessories,114.5711,7.2
2016,7,61,15.1152,61 - Apparel and clothing accessories; knitted or crocheted,Knitted Apparel,475.8066,3.2,39,4.9327,39 - Plastics and articles thereof,Plastics Articles,114.5711,4.3
2016,8,87,14.3184,"87 - Vehicles; 0 than railway or tramway rolling stock, and parts and accessories thereof",Vehicles,475.8066,3,47,3.3676,47 - Pulp of wood or 0 fibrous cellulosic material; recovered (waste and scrap) paper or paperboard,Wood Pulp,114.5711,2.9
2016,9,62,14.1818,62 - Apparel and clothing accessories; not knitted or crocheted,Non Knitted Apparel,475.8066,3,27,2.5704,"27 - Mineral fuels, mineral oils and products of their distillation; bituminous substances; mineral waxes",Mineral Fuels,114.5711,2.2
2016,10,90,11.5897,"90 - Optical, photographic, cinematographic, measuring, checking, medical or surgical instruments and apparatus; parts and accessories",Optical Accessories,475.8066,2.4,44,2.5457,44 - Wood and articles of wood; wood charcoal,Wood and Articles,114.5711,2.2
2016,99,0,101.2852,0,Other,475.8066,21.3,0,28.5722,0,Other,114.5711,24.9
2017,1,85,150.0097,"85 - Electrical machinery and equipment and parts thereof; sound recorders and reproducers; television image and sound recorders and reproducers, parts and accessories of such articles",Electrical Machinery,519.5207,28.9,88,16.2656,"88 - Aircraft, spacecraft, and parts thereof",Aircraft and Parts,128.6252,12.6
2017,2,84,112.2074,"84 - Machinery and mechanical appliances, boilers, nuclear reactors; parts thereof",Mechanical Appliances,519.5207,21.6,84,12.8927,"84 - Machinery and mechanical appliances, boilers, nuclear reactors; parts thereof",Mechanical Appliances,128.6252,10
2017,3,94,34.8318,"94 - Furniture; bedding, mattresses, mattress supports, cushions and similar stuffed furnishings; lamps and lighting fittings, n.e.c.; illuminated signs, illuminated name-plates and the like; prefabricated buildings",Furniture,519.5207,6.7,87,12.8627,"87 - Vehicles; 0 than railway or tramway rolling stock, and parts and accessories thereof",Vehicles,128.6252,10
2017,4,95,26.7238,"95 - Toys, games and sports requisites; parts and accessories thereof",Toys and Games,519.5207,5.1,12,12.8405,"12 - Oil seeds and oleaginous fruits; miscellaneous grains, seeds and fruit, industrial or medicinal plants; straw and fodder",Oil Seeds,128.6252,10
2017,5,39,17.542,39 - Plastics and articles thereof,Plastics Articles,519.5207,3.4,85,12.1298,"85 - Electrical machinery and equipment and parts thereof; sound recorders and reproducers; television image and sound recorders and reproducers, parts and accessories of such articles",Electrical Machinery,128.6252,9.4
2017,6,87,15.5397,"87 - Vehicles; 0 than railway or tramway rolling stock, and parts and accessories thereof",Vehicles,519.5207,3,90,8.8184,"90 - Optical, photographic, cinematographic, measuring, checking, medical or surgical instruments and apparatus; parts and accessories",Optical Accessories,128.6252,6.9
2017,7,61,14.8846,61 - Apparel and clothing accessories; knitted or crocheted,Knitted Apparel,519.5207,2.9,27,8.4976,"27 - Mineral fuels, mineral oils and products of their distillation; bituminous substances; mineral waxes",Mineral Fuels,128.6252,6.6
2017,8,64,14.8377,64 - Footwear; gaiters and the like; parts of such articles,Footwear,519.5207,2.9,39,5.6619,39 - Plastics and articles thereof,Plastics Articles,128.6252,4.4
2017,9,62,13.5089,62 - Apparel and clothing accessories; not knitted or crocheted,Non Knitted Apparel,519.5207,2.6,47,3.3581,47 - Pulp of wood or 0 fibrous cellulosic material; recovered (waste and scrap) paper or paperboard,Wood Pulp,128.6252,2.6
2017,10,73,12.4808,73 - Iron or steel articles,Iron and Steel,519.5207,2.4,44,3.1978,44 - Wood and articles of wood; wood charcoal,Wood and Articles,128.6252,2.5
2017,99,0,106.9543,0,Other,519.5207,20.6,0,32.1001,0,Other,128.6252,25
2018,1,85,155.9511,"85 - Electrical machinery and equipment and parts thereof; sound recorders and reproducers; television image and sound recorders and reproducers, parts and accessories of such articles",Electrical Machinery,556.1655,28,88,18.2219,"88 - Aircraft, spacecraft, and parts thereof",Aircraft and Parts,119.008,15.3
2018,2,84,119.5667,"84 - Machinery and mechanical appliances, boilers, nuclear reactors; parts thereof",Mechanical Appliances,556.1655,21.5,84,14.1997,"84 - Machinery and mechanical appliances, boilers, nuclear reactors; parts thereof",Mechanical Appliances,119.008,11.9
2018,3,94,38.0642,"94 - Furniture; bedding, mattresses, mattress supports, cushions and similar stuffed furnishings; lamps and lighting fittings, n.e.c.; illuminated signs, illuminated name-plates and the like; prefabricated buildings",Furniture,556.1655,6.8,85,12.8799,"85 - Electrical machinery and equipment and parts thereof; sound recorders and reproducers; television image and sound recorders and reproducers, parts and accessories of such articles",Electrical Machinery,119.008,10.8
2018,4,95,27.9257,"95 - Toys, games and sports requisites; parts and accessories thereof",Toys and Games,556.1655,5,90,9.7881,"90 - Optical, photographic, cinematographic, measuring, checking, medical or surgical instruments and apparatus; parts and accessories",Optical Accessories,119.008,8.2
2018,5,39,20.6042,39 - Plastics and articles thereof,Plastics Articles,556.1655,3.7,87,9.3811,"87 - Vehicles; 0 than railway or tramway rolling stock, and parts and accessories thereof",Vehicles,119.008,7.9
2018,6,87,18.7262,"87 - Vehicles; 0 than railway or tramway rolling stock, and parts and accessories thereof",Vehicles,556.1655,3.4,27,8.4507,"27 - Mineral fuels, mineral oils and products of their distillation; bituminous substances; mineral waxes",Mineral Fuels,119.008,7.1
2018,7,61,15.3866,61 - Apparel and clothing accessories; knitted or crocheted,Knitted Apparel,556.1655,2.8,39,5.7011,39 - Plastics and articles thereof,Plastics Articles,119.008,4.8
2018,8,64,14.6423,64 - Footwear; gaiters and the like; parts of such articles,Footwear,556.1655,2.6,12,3.6652,"12 - Oil seeds and oleaginous fruits; miscellaneous grains, seeds and fruit, industrial or medicinal plants; straw and fodder",Oil Seeds,119.008,3.1
2018,9,73,14.1853,73 - Iron or steel articles,Iron and Steel,556.1655,2.6,47,2.9131,47 - Pulp of wood or 0 fibrous cellulosic material; recovered (waste and scrap) paper or paperboard,Wood Pulp,119.008,2.4
2018,10,62,13.441,62 - Apparel and clothing accessories; not knitted or crocheted,Non Knitted Apparel,556.1655,2.4,44,2.8634,44 - Wood and articles of wood; wood charcoal,Wood and Articles,119.008,2.4
2018,99,0,117.6722,0,Other,556.1655,21.2,0,30.9438,0,Other,119.008,26
2019,1,85,128.7148,"85 - Electrical machinery and equipment and parts thereof; sound recorders and reproducers; television image and sound recorders and reproducers, parts and accessories of such articles",Electrical Machinery,463.8742,27.7,85,14.4281,"85 - Electrical machinery and equipment and parts thereof; sound recorders and reproducers; television image and sound recorders and reproducers, parts and accessories of such articles",Electrical Machinery,105.4732,13.7
2019,2,84,94.6167,"84 - Machinery and mechanical appliances, boilers, nuclear reactors; parts thereof",Mechanical Appliances,463.8742,20.4,84,12.7719,"84 - Machinery and mechanical appliances, boilers, nuclear reactors; parts thereof",Mechanical Appliances,105.4732,12.1
2019,3,94,29.1803,"94 - Furniture; bedding, mattresses, mattress supports, cushions and similar stuffed furnishings; lamps and lighting fittings, n.e.c.; illuminated signs, illuminated name-plates and the like; prefabricated buildings",Furniture,463.8742,6.3,88,10.46,"88 - Aircraft, spacecraft, and parts thereof",Aircraft and Parts,105.4732,9.9
2019,4,95,26.7829,"95 - Toys, games and sports requisites; parts and accessories thereof",Toys and Games,463.8742,5.8,90,9.7537,"90 - Optical, photographic, cinematographic, measuring, checking, medical or surgical instruments and apparatus; parts and accessories",Optical Accessories,105.4732,9.2
2019,5,39,19.3729,39 - Plastics and articles thereof,Plastics Articles,463.8742,4.2,87,9.1345,"87 - Vehicles; 0 than railway or tramway rolling stock, and parts and accessories thereof",Vehicles,105.4732,8.7
2019,6,87,14.9073,"87 - Vehicles; 0 than railway or tramway rolling stock, and parts and accessories thereof",Vehicles,463.8742,3.2,12,8.5412,"12 - Oil seeds and oleaginous fruits; miscellaneous grains, seeds and fruit, industrial or medicinal plants; straw and fodder",Oil Seeds,105.4732,8.1
2019,7,61,14.1841,61 - Apparel and clothing accessories; knitted or crocheted,Knitted Apparel,463.8742,3.1,39,4.9821,39 - Plastics and articles thereof,Plastics Articles,105.4732,4.7
2019,8,64,14.0428,64 - Footwear; gaiters and the like; parts of such articles,Footwear,463.8742,3,30,4.1436,30 - Pharmaceutical products,Pharmaceutical Products,105.4732,3.9
2019,9,62,12.2126,62 - Apparel and clothing accessories; not knitted or crocheted,Non Knitted Apparel,463.8742,2.6,27,3.7658,"27 - Mineral fuels, mineral oils and products of their distillation; bituminous substances; mineral waxes",Mineral Fuels,105.4732,3.6
2019,10,73,11.8942,73 - Iron or steel articles,Iron and Steel,463.8742,2.6,38,2.7381,38 - Chemical products n.e.c.,Chemical Products,105.4732,2.6
2019,99,0,97.9656,0,Other,463.8742,21.1,0,24.7542,0,Other,105.4732,23.5
2020,1,85,114.4629,"85 - Electrical machinery and equipment and parts thereof; sound recorders and reproducers; television image and sound recorders and reproducers, parts and accessories of such articles",Electrical Machinery,447.3618,25.6,12,15.0302,"12 - Oil seeds and oleaginous fruits; miscellaneous grains, seeds and fruit, industrial or medicinal plants; straw and fodder",Oil Seeds,123.4377,12.2
2020,2,84,100.4375,"84 - Machinery and mechanical appliances, boilers, nuclear reactors; parts thereof",Mechanical Appliances,447.3618,22.5,84,13.8093,"84 - Machinery and mechanical appliances, boilers, nuclear reactors; parts thereof",Mechanical Appliances,123.4377,11.2
2020,3,95,27.8456,"95 - Toys, games and sports requisites; parts and accessories thereof",Toys and Games,447.3618,6.2,27,9.8947,"27 - Mineral fuels, mineral oils and products of their distillation; bituminous substances; mineral waxes",Mineral Fuels,123.4377,8
2020,4,94,25.3042,"94 - Furniture; bedding, mattresses, mattress supports, cushions and similar stuffed furnishings; lamps and lighting fittings, n.e.c.; illuminated signs, illuminated name-plates and the like; prefabricated buildings",Furniture,447.3618,5.7,90,9.5069,"90 - Optical, photographic, cinematographic, measuring, checking, medical or surgical instruments and apparatus; parts and accessories",Optical Accessories,123.4377,7.7
2020,5,63,22.2567,"63 - Textiles, made up articles; sets; worn clothing and worn textile articles; rags",Textiles,447.3618,5,87,8.1915,"87 - Vehicles; 0 than railway or tramway rolling stock, and parts and accessories thereof",Vehicles,123.4377,6.6
2020,6,39,21.9374,39 - Plastics and articles thereof,Plastics Articles,447.3618,4.9,39,5.4156,39 - Plastics and articles thereof,Plastics Articles,123.4377,4.4
2020,7,87,13.6333,"87 - Vehicles; 0 than railway or tramway rolling stock, and parts and accessories thereof",Vehicles,447.3618,3,30,4.6432,30 - Pharmaceutical products,Pharmaceutical Products,123.4377,3.8
2020,8,90,12.6316,"90 - Optical, photographic, cinematographic, measuring, checking, medical or surgical instruments and apparatus; parts and accessories",Optical Accessories,447.3618,2.8,88,4.3992,"88 - Aircraft, spacecraft, and parts thereof",Aircraft and Parts,123.4377,3.6
2020,9,73,11.5779,73 - Iron or steel articles,Iron and Steel,447.3618,2.6,2,3.1496,02 - Meat and edible meat offal,Meats,123.4377,2.6
2020,10,62,10.1933,62 - Apparel and clothing accessories; not knitted or crocheted,Non Knitted Apparel,447.3618,2.3,85,17.0437,"85 - Electrical machinery and equipment and parts thereof; sound recorders and reproducers; television image and sound recorders and reproducers, parts and accessories of such articles",Electrical Machinery,123.4377,13.8
2020,99,0,87.0814,0,Other,447.3618,19.5,0,32.3538,0,Other,123.4377,26.2
2021,1,85,135.1237,"85 - Electrical machinery and equipment and parts thereof; sound recorders and reproducers; television image and sound recorders and reproducers, parts and accessories of such articles",Electrical Machinery,531.5798,25.4,85,19.357,"85 - Electrical machinery and equipment and parts thereof; sound recorders and reproducers; television image and sound recorders and reproducers, parts and accessories of such articles",Electrical Machinery,149.7261,12.9
2021,2,84,115.6358,"84 - Machinery and mechanical appliances, boilers, nuclear reactors; parts thereof",Mechanical Appliances,531.5798,21.8,84,16.7287,"84 - Machinery and mechanical appliances, boilers, nuclear reactors; parts thereof",Mechanical Appliances,149.7261,11.2
2021,3,95,40.4205,"95 - Toys, games and sports requisites; parts and accessories thereof",Toys and Games,531.5798,7.6,27,15.3971,"27 - Mineral fuels, mineral oils and products of their distillation; bituminous substances; mineral waxes",Mineral Fuels,149.7261,10.3
2021,4,94,31.4468,"94 - Furniture; bedding, mattresses, mattress supports, cushions and similar stuffed furnishings; lamps and lighting fittings, n.e.c.; illuminated signs, illuminated name-plates and the like; prefabricated buildings",Furniture,531.5798,5.9,12,15.0409,"12 - Oil seeds and oleaginous fruits; miscellaneous grains, seeds and fruit, industrial or medicinal plants; straw and fodder",Oil Seeds,149.7261,10
2021,5,39,27.0523,39 - Plastics and articles thereof,Plastics Articles,531.5798,5.1,87,8.4817,"87 - Vehicles; 0 than railway or tramway rolling stock, and parts and accessories thereof",Vehicles,149.7261,5.7
2021,6,87,17.3483,"87 - Vehicles; 0 than railway or tramway rolling stock, and parts and accessories thereof",Vehicles,531.5798,3.3,10,7.7688,10 - Cereals,Cereals,149.7261,5.2
2021,7,73,15.3993,73 - Iron or steel articles,Iron and Steel,531.5798,2.9,30,6.6671,30 - Pharmaceutical products,Pharmaceutical Products,149.7261,4.5
2021,8,90,14.1079,"90 - Optical, photographic, cinematographic, measuring, checking, medical or surgical instruments and apparatus; parts and accessories",Optical Accessories,531.5798,2.7,39,6.3345,39 - Plastics and articles thereof,Plastics Articles,149.7261,4.2
2021,9,61,13.0784,61 - Apparel and clothing accessories; knitted or crocheted,Knitted Apparel,531.5798,2.5,88,4.7172,"88 - Aircraft, spacecraft, and parts thereof",Aircraft and Parts,149.7261,3.2
2021,10,64,12.2929,64 - Footwear; gaiters and the like; parts of such articles,Footwear,531.5798,2.3,90,10.7543,"90 - Optical, photographic, cinematographic, measuring, checking, medical or surgical instruments and apparatus; parts and accessories",Optical Accessories,149.7261,7.2
2021,99,0,109.6739,0,Other,531.5798,20.6,0,38.4788,0,Other,149.7261,25.7
2022,1,85,145.8077,"85 - Electrical machinery and equipment and parts thereof; sound recorders and reproducers; television image and sound recorders and reproducers, parts and accessories of such articles",Electrical Machinery,565.6949,25.8,12,18.8787,"12 - Oil seeds and oleaginous fruits; miscellaneous grains, seeds and fruit, industrial or medicinal plants; straw and fodder",Oil Seeds,152.1587,12.4
2022,2,84,112.7703,"84 - Machinery and mechanical appliances, boilers, nuclear reactors; parts thereof",Mechanical Appliances,565.6949,19.9,85,16.0051,"85 - Electrical machinery and equipment and parts thereof; sound recorders and reproducers; television image and sound recorders and reproducers, parts and accessories of such articles",Electrical Machinery,152.1587,10.5
2022,3,95,42.7686,"95 - Toys, games and sports requisites; parts and accessories thereof",Toys and Games,565.6949,7.6,84,14.9156,"84 - Machinery and mechanical appliances, boilers, nuclear reactors; parts thereof",Mechanical Appliances,152.1587,9.8
2022,4,94,29.6664,"94 - Furniture; bedding, mattresses, mattress supports, cushions and similar stuffed furnishings; lamps and lighting fittings, n.e.c.; illuminated signs, illuminated name-plates and the like; prefabricated buildings",Furniture,565.6949,5.2,27,13.4727,"27 - Mineral fuels, mineral oils and products of their distillation; bituminous substances; mineral waxes",Mineral Fuels,152.1587,8.9
2022,5,39,26.4119,39 - Plastics and articles thereof,Plastics Articles,565.6949,4.7,90,10.9315,"90 - Optical, photographic, cinematographic, measuring, checking, medical or surgical instruments and apparatus; parts and accessories",Optical Accessories,152.1587,7.2
2022,6,87,19.5965,"87 - Vehicles; 0 than railway or tramway rolling stock, and parts and accessories thereof",Vehicles,565.6949,3.5,30,9.2972,30 - Pharmaceutical products,Pharmaceutical Products,152.1587,6.1
2022,7,73,16.4642,73 - Iron or steel articles,Iron and Steel,565.6949,2.9,10,7.4891,10 - Cereals,Cereals,152.1587,4.9
2022,8,64,14.7795,64 - Footwear; gaiters and the like; parts of such articles,Footwear,565.6949,2.6,87,7.2996,"87 - Vehicles; 0 than railway or tramway rolling stock, and parts and accessories thereof",Vehicles,152.1587,4.8
2022,9,29,14.2945,29 - Organic chemicals,Organic Chemicals,565.6949,2.5,39,7.013,39 - Plastics and articles thereof,Plastics Articles,152.1587,4.6
2022,10,90,14.0841,"90 - Optical, photographic, cinematographic, measuring, checking, medical or surgical instruments and apparatus; parts and accessories",Optical Accessories,565.6949,2.5,88,5.5283,"88 - Aircraft, spacecraft, and parts thereof",Aircraft and Parts,152.1587,3.6
2022,99,0,129.0512,0,Other,565.6949,22.8,0,41.3279,0,Other,152.1587,27.2
2023,1,85,126.6791,"85 - Electrical machinery and equipment and parts thereof; sound recorders and reproducers; television image and sound recorders and reproducers, parts and accessories of such articles",Electrical Machinery,437.9638,28.9,27,19.7352,"27 - Mineral fuels, mineral oils and products of their distillation; bituminous substances; mineral waxes",Mineral Fuels,145.6252,13.6
2023,2,84,85.8894,"84 - Machinery and mechanical appliances, boilers, nuclear reactors; parts thereof",Mechanical Appliances,437.9638,19.6,12,15.8502,"12 - Oil seeds and oleaginous fruits; miscellaneous grains, seeds and fruit, industrial or medicinal plants; straw and fodder",Oil Seeds,145.6252,10.9
2023,3,95,33.3889,"95 - Toys, games and sports requisites; parts and accessories thereof",Toys and Games,437.9638,7.6,84,13.7229,"84 - Machinery and mechanical appliances, boilers, nuclear reactors; parts thereof",Mechanical Appliances,145.6252,9.4
2023,4,94,20.2855,"94 - Furniture; bedding, mattresses, mattress supports, cushions and similar stuffed furnishings; lamps and lighting fittings, n.e.c.; illuminated signs, illuminated name-plates and the like; prefabricated buildings",Furniture,437.9638,4.6,85,11.6442,"85 - Electrical machinery and equipment and parts thereof; sound recorders and reproducers; television image and sound recorders and reproducers, parts and accessories of such articles",Electrical Machinery,145.6252,8
2023,5,39,20.1552,39 - Plastics and articles thereof,Plastics Articles,437.9638,4.6,90,11.3051,"90 - Optical, photographic, cinematographic, measuring, checking, medical or surgical instruments and apparatus; parts and accessories",Optical Accessories,145.6252,7.8
2023,6,87,16.414,"87 - Vehicles; 0 than railway or tramway rolling stock, and parts and accessories thereof",Vehicles,437.9638,3.7,30,9.8966,30 - Pharmaceutical products,Pharmaceutical Products,145.6252,6.8
2023,7,90,11.7905,"90 - Optical, photographic, cinematographic, measuring, checking, medical or surgical instruments and apparatus; parts and accessories",Optical Accessories,437.9638,2.7,87,8.1386,"87 - Vehicles; 0 than railway or tramway rolling stock, and parts and accessories thereof",Vehicles,145.6252,5.6
2023,8,73,11.7147,73 - Iron or steel articles,Iron and Steel,437.9638,2.7,39,7.4473,39 - Plastics and articles thereof,Plastics Articles,145.6252,5.1
2023,9,64,10.0391,64 - Footwear; gaiters and the like; parts of such articles,Footwear,437.9638,2.3,88,6.8136,"88 - Aircraft, spacecraft, and parts thereof",Aircraft and Parts,145.6252,4.7
2023,10,61,9.9961,61 - Apparel and clothing accessories; knitted or crocheted,Knitted Apparel,437.9638,2.3,29,4.2051,29 - Organic chemicals,Organic Chemicals,145.6252,2.9
2023,99,0,91.6113,0,Other,437.9638,20.9,0,36.8664,0,Other,145.6252,25.3
